Neighborhood,Community District
ALPHABET CITY,MN03
CHELSEA,MN04
CHINATOWN,MN01
CIVIC CENTER,MN02
CLINTON,MN05
EAST VILLAGE,MN06
FASHION,MN05
FINANCIAL,MN01
FLATIRON,MN05
GRAMERCY,MN06
GREENWICH VILLAGE-CENTRAL,MN02
GREENWICH VILLAGE-WEST,MN02
HARLEM-CENTRAL,MN10
HARLEM-EAST,MN11
HARLEM-UPPER,MN12
HARLEM-WEST,MN09
INWOOD,MN12
JAVITS CENTER,MN04
KIPS BAY,MN06
LITTLE ITALY,MN01
LOWER EAST SIDE,MN03
MANHATTAN VALLEY,MN07
MIDTOWN CBD,MN05
MIDTOWN EAST,MN06
MIDTOWN WEST,MN05
MORNINGSIDE HEIGHTS,MN09
MURRAY HILL,MN06
ROOSEVELT ISLAND,MN08
SOHO,MN02
SOUTHBRIDGE,MN01
TRIBECA,MN01
UPPER EAST SIDE (59-79),MN08
UPPER EAST SIDE (79-96),MN08
UPPER EAST SIDE (96-110),MN08
UPPER WEST SIDE (59-79),MN07
UPPER WEST SIDE (79-96),MN07
UPPER WEST SIDE (96-116),MN07
WASHINGTON HEIGHTS LOWER,MN12
WASHINGTON HEIGHTS UPPER,MN12
BATHGATE,BX05
BAYCHESTER,BX12
BEDFORD PARK/NORWOOD,BX07
BELMONT,BX06
BRONX PARK,BX08
BRONXDALE,BX08
CASTLE HILL/UNIONPORT,BX09
CITY ISLAND,BX10
CITY ISLAND-PELHAM STRIP,BX10
CO-OP CITY,BX11
COUNTRY CLUB,BX10
CROTONA PARK,BX06
EAST TREMONT,BX06
FIELDSTON,BX08
FORDHAM,BX05
HIGHBRIDGE/MORRIS HEIGHTS,BX04
HUNTS POINT,BX02
KINGSBRIDGE HTS/UNIV HTS,BX07
KINGSBRIDGE/JEROME PARK,BX07
MELROSE/CONCOURSE,BX04
MORRIS PARK/VAN NEST,BX12
MORRISANIA/LONGWOOD,BX03
MOTT HAVEN/PORT MORRIS,BX01
MOUNT HOPE/MOUNT EDEN,BX04
PARKCHESTER,BX09
PELHAM GARDENS,BX11
PELHAM PARKWAY NORTH,BX11
PELHAM PARKWAY SOUTH,BX11
RIVERDALE,BX08
SCHUYLERVILLE/PELHAM BAY,BX10
SOUNDVIEW,BX09
THROGS NECK,BX10
VAN CORTLANDT PARK,BX08
WAKEFIELD,BX12
WESTCHESTER,BX11
WILLIAMSBRIDGE,BX12
WOODLAWN,BX12
BATH BEACH,BK11
BAY RIDGE,BK10
BEDFORD STUYVESANT,BK03
BENSONHURST,BK11
BERGEN BEACH,BK18
BOERUM HILL,BK02
BOROUGH PARK,BK12
BRIGHTON BEACH,BK13
BROOKLYN HEIGHTS,BK02
BROWNSVILLE,BK16
BUSH TERMINAL,BK07
BUSHWICK,BK04
CANARSIE,BK18
CARROLL GARDENS,BK06
CLINTON HILL,BK02
COBBLE HILL,BK06
COBBLE HILL-WEST,BK06
CONEY ISLAND,BK13
CROWN HEIGHTS,BK09
CYPRESS HILLS,BK14
DOWNTOWN-FULTON FERRY,BK02
DOWNTOWN-FULTON MALL,BK02
DOWNTOWN-METROTECH,BK02
DYKER HEIGHTS,BK10
EAST NEW YORK,BK05
FLATBUSH-CENTRAL,BK14
FLATBUSH-EAST,BK14
FLATBUSH-LEFFERTS GARDEN,BK14
FLATBUSH-NORTH,BK14
FLATLANDS,BK18
FORT GREENE,BK02
GERRITSEN BEACH,BK18
GOWANUS,BK06
GRAVESEND,BK13
GREENPOINT,BK01
KENSINGTON,BK12
MADISON,BK15
MANHATTAN BEACH,BK15
MARINE PARK,BK18
MIDWOOD,BK14
MILL BASIN,BK18
NAVY YARD,BK02
OCEAN HILL,BK16
OCEAN PARKWAY-NORTH,BK14
OCEAN PARKWAY-SOUTH,BK14
OLD MILL BASIN,BK18
PARK SLOPE,BK06
PARK SLOPE SOUTH,BK06
PROSPECT HEIGHTS,BK08
RED HOOK,BK06
SEAGATE,BK13
SHEEPSHEAD BAY,BK15
SPRING CREEK,BK17
SUNSET PARK,BK07
WILLIAMSBURG-CENTRAL,BK01
WILLIAMSBURG-EAST,BK01
WILLIAMSBURG-NORTH,BK01
WILLIAMSBURG-SOUTH,BK01
WINDSOR TERRACE,BK07
WYCKOFF HEIGHTS,BK05
AIRPORT LA GUARDIA,Q01
ARVERNE,Q14
ASTORIA,Q01
BAYSIDE,Q07
BEECHHURST,Q07
BELLE HARBOR,Q14
BELLEROSE,Q13
BREEZY POINT,Q14
BRIARWOOD,Q08
BROAD CHANNEL,Q14
CAMBRIA HEIGHTS,Q13
COLLEGE POINT,Q07
CORONA,Q04
DOUGLASTON,Q11
EAST ELMHURST,Q03
ELMHURST,Q04
FAR ROCKAWAY,Q14
FLORAL PARK,Q13
FLUSHING MEADOW PARK,Q07
FLUSHING-NORTH,Q07
FLUSHING-SOUTH,Q07
